at	profit	profit_sigma	side	entry	exit	roc_total	pl	pf_trade_ratio	roc_indiv	dd	reversal	hold_ns	hold_mins	alpha
2019-10-01T00:30:00.043629200	11864	11864	Side.SELL	921900	910036	0.01286907473695628593122898362	nan	1	0.01286907473695628593122898362	0.0	False	nan	nan	None
2019-10-01T01:00:00.422171100	-1140	10724	Side.BUY	910036	908896	0.01161637704148050255562626021	10.40701754385964912280701754	0.5	-0.001252697695475783375602723409	-0.001252697695475783375602723409	False	1800.3785419	30	None
2019-10-01T01:44:52.690663300	-8000	2724	Side.SELL	908896	916896	0.002814489916880988419795538103	1.298030634573304157549234136	0.3333333333333333333333333333	-0.008801887124599514135830722107	-0.01005458482007529751143344552	False	2692.2684922	44	None
2019-10-01T02:11:56.268911800	-8000	-5276	Side.SELL	917488	925488	-0.005904970174150174930569807275	0.6921820303383897316219369895	0.25	-0.008719460091031163350365345378	-0.01877404491110646086179879090	False	1623.5782485	27	None
2019-10-01T03:06:59.949543100	-8000	-13276	Side.SELL	933821	941821	-0.01447192251298170688369572755	0.4719172633253778838504375497	0.2	-0.008566952338831531953125920278	-0.02734099724993799281492471118	False	3303.6806313	55	None
2019-10-01T05:30:00.117497000	2775	-10501	Side.SELL	940023	937248	-0.01151986708455070040832225265	0.5822991249005568814638027049	0.3333333333333333333333333333	0.002952055428431006475373474904	0.0	False	8580.1679539	144	None
2019-10-01T06:40:44.687581300	-8000	-18501	Side.BUY	937248	929248	-0.02005549479461249835294310007	0.4417320458660229330114665057	0.2857142857142857142857142857	-0.008535627710061797944620847417	-0.008535627710061797944620847417	False	4244.5700843	70	None
2019-10-01T07:30:01.708603900	-3612	-22113	Side.BUY	931183	927571	-0.02393443158791735894425544147	0.3983184588593818023508924684	0.25	-0.003878936793304860591312341398	-0.003878936793304860591312341398	False	2957.0210226	50	None
2019-10-01T08:09:28.226484900	-8000	-30113	Side.SELL	927571	935571	-0.03255910829730133062944180456	0.3271138720057204147300679299	0.2222222222222222222222222222	-0.008624676709383971685186363092	-0.01250361350268883227649870449	False	2366.517881	39	None
2019-10-01T09:00:00.028054000	2051	-28062	Side.BUY	929792	931843	-0.03035323859741146278803211293	0.3729442259563818376832320343	0.3	0.002205869699889867841409691630	0.0	False	3031.8015691	51	None
2019-10-01T10:30:00.193195400	5236	-22826	Side.SELL	931843	926607	-0.02473426630272233597160488216	0.4899445834823024669288523418	0.3636363636363636363636363636	0.005618972294689126816427230767	0.0	False	5400.1651414	90	None
2019-10-01T11:00:00.043449200	-4291	-27117	Side.BUY	926607	922316	-0.02936514001725287588766422555	0.4470770548294353934302550823	0.3333333333333333333333333333	-0.004630873714530539916059343389	-0.004630873714530539916059343389	False	1799.8502538	30	None
2019-10-01T12:00:59.908941500	-8000	-35117	Side.SELL	922316	930316	-0.03803895680022096925262807742	0.3843766982802447276615886261	0.3076923076923076923076923077	-0.008673816782968093364963851869	-0.01330469049749863328102319526	False	3659.8654923	60	None
2019-10-01T13:00:00.185579000	-2238	-37355	Side.BUY	928450	926212	-0.04044942586155975970984171305	0.3698655555742986791720787436	0.2857142857142857142857142857	-0.002410469061338790457213635629	-0.002410469061338790457213635629	False	3540.2766375	60	None
2019-10-01T14:00:00.195309100	-3327	-40682	Side.SELL	926212	929539	-0.04404147606172991513862043758	0.3502108356759519550217224636	0.2666666666666666666666666667	-0.003592050200170155428778724525	-0.006002519261508945885992360154	False	3600.0097301	60	None
2019-10-01T14:55:54.931710900	-8000	-48682	Side.BUY	929539	921539	-0.05264789279088275326590718940	0.3105313845456605483797869930	0.25	-0.008606416729152838127286751820	-0.008606416729152838127286751820	False	3354.7364018	55	None
2019-10-01T15:30:00.266038800	5750	-42932	Side.SELL	923631	917881	-0.04642246293848498835762671809	0.3919669159302062089281667800	0.2941176470588235294117647059	0.006225429852397764908280471314	0.0	False	2045.3343279	35	None
2019-10-01T17:00:00.333233600	13189	-29743	Side.BUY	917881	931070	-0.03205349789835451392793485172	0.5787587808746884205755721731	0.3333333333333333333333333333	0.01436896504013047442969186637	0.0	False	5400.0671948	90	None
2019-10-01T18:30:00.495370700	14717	-15026	Side.SELL	931070	916353	-0.01624695274063275294326130408	0.7871912531157942442782687514	0.3684210526315789473684210526	0.01580654515772176098467354764	0.0	False	5400.1621371	90	None
2019-10-01T19:00:00.286612800	-1296	-16322	Side.BUY	916353	915057	-0.01766125487092533669646558234	0.7730028927458834000890075656	0.35	-0.001414302130292583753204278264	-0.001414302130292583753204278264	False	1799.7912421	30	None
2019-10-01T20:30:00.017224000	-184	-16506	Side.SELL	915057	915241	-0.01786233524078207786122362474	0.7710298524026190211963156142	0.3333333333333333333333333333	-0.0002010803698567411647580423952	-0.001615382500149324917962320659	False	5399.7306112	90	None
2019-10-01T21:30:00.657373200	6429	-10077	Side.BUY	915241	921670	-0.01083795586966561782501458253	0.8602125180335145932748862501	0.3636363636363636363636363636	0.007024379371116460036209042209	0.0	False	3600.6401492	60	None
2019-10-01T22:00:00.391569800	4713	-5364	Side.SELL	921670	916957	-0.005724411976515140973212961559	0.9255909444012873155032737765	0.3913043478260869565217391304	0.005113543893150476851801620971	0.0	False	1799.7341966	30	None
2019-10-01T23:00:00.336630500	4088	-1276	Side.BUY	916957	921045	-0.001266187654109619231190162235	0.9822994118299855731883253801	0.4166666666666666666666666667	0.004458224322405521742022799324	0.0	False	3599.9450607	60	None
2019-10-01T23:30:00.058451100	4890	3614	Side.SELL	921045	916155	0.004042999193438546167894573039	1.050133170569304183775385640	0.44	0.005309186847548165399084735274	0.0	False	1799.7218206	30	None
2019-10-02T00:00:00.200982100	1150	4764	Side.BUY	916155	917305	0.005298245303540002799141469034	1.066085895017201198535123738	0.4615384615384615384615384615	0.001255246110101456631246895995	0.0	False	1800.142531	30	None
2019-10-02T00:30:00.012979800	-2695	2069	Side.SELL	917305	920000	0.002360291187951403587319882975	1.027666715697417862348394689	0.4444444444444444444444444444	-0.002937954115588599211821586059	-0.002937954115588599211821586059	False	1799.8119977	30	None
2019-10-02T01:00:01.010792900	-3766	-1697	Side.BUY	920000	916234	-0.001733187072918161630071421373	0.9783956511222294364027549682	0.4285714285714285714285714286	-0.004093478260869565217391304348	-0.004093478260869565217391304348	False	1800.9978131	30	None
2019-10-02T01:30:00.099637300	-2829	-4526	Side.SELL	916234	919063	-0.004820826256794769570837644849	0.9443830027771633611049669444	0.4137931034482758620689655172	-0.003087639183876607940766223476	-0.007181117444746173158157527824	False	1799.0888444	30	None
2019-10-02T02:00:00.247983400	-3244	-7770	Side.BUY	919063	915819	-0.008350508117559483197651040666	0.9081799059346269291673560067	0.4	-0.003529681860764713626813395817	-0.003529681860764713626813395817	False	1800.1483461	30	None
2019-10-02T02:30:00.080677200	-580	-8350	Side.SELL	915819	916399	-0.008983821032010919562260204704	0.9019976056900072768244876881	0.3870967741935483870967741935	-0.0006333129144514363646091640379	-0.004162994775216149991422559855	False	1799.8326938	30	None
2019-10-02T03:00:00.047394600	-4604	-12954	Side.BUY	916399	911795	-0.01400783349819650029728937868	0.8557557401509921386098924348	0.375	-0.005024012466185580735029173973	-0.005024012466185580735029173973	False	1799.9667174	30	None
2019-10-02T03:30:00.002384800	703	-12251	Side.SELL	911795	911092	-0.01323682685744940253956971582	0.8635837249181569160189742333	0.3939393939393939393939393939	0.0007710066407470977577196628628	0.0	False	1799.9549902	30	None
2019-10-02T04:30:00.054343300	616	-11635	Side.BUY	911092	911708	-0.01256071511461772363118285697	0.8704429548137095517003318264	0.4117647058823529411764705882	0.0006761117428316789083868588463	0.0	False	3600.0519585	60	None
2019-10-02T06:00:00.010519400	7708	-3927	Side.SELL	911708	904000	-0.004106253817799005357349568242	0.9562724094158519475313453444	0.4285714285714285714285714286	0.008454461296818718273833288728	0.0	False	5399.9561761	90	None
2019-10-02T06:30:00.948156000	3136	-791	Side.BUY	904000	907136	-0.000637227269126438985668152313	0.9911921252477562746364385453	0.4444444444444444444444444444	0.003469026548672566371681415929	0.0	False	1800.9376366	30	None
2019-10-02T07:00:00.014037000	-1989	-2780	Side.SELL	907136	909125	-0.002829842268420921841601551495	0.9697151260961926030829565880	0.4324324324324324324324324324	-0.002192614999294482855933399182	-0.002192614999294482855933399182	False	1799.065881	30	None
2019-10-02T08:00:00.005494700	-905	-3685	Side.BUY	909125	908220	-0.003825304938570791221499805310	0.9602481121898597626752966559	0.4210526315789473684210526316	-0.0009954626701498693798982538155	-0.0009954626701498693798982538155	False	3599.9914577	60	None
2019-10-02T08:38:57.694770400	-8000	-11685	Side.SELL	908220	916220	-0.01263374342263852811344228621	0.8839622641509433962264150943	0.4102564102564102564102564103	-0.008808438484067736891942480897	-0.009803901154217606271840734712	False	2337.6892757	38	None
2019-10-02T09:30:00.072869200	-575	-12260	Side.SELL	913377	913952	-0.01326327536837396922921375845	0.8789434707479634658109108862	0.4	-0.0006295319457354411157714722398	-0.01043343309995304738761220695	False	3062.3780988	52	None
2019-10-02T10:30:00.534111600	-4924	-17184	Side.BUY	913952	909028	-0.01865086683926084293811750832	0.8381905667661654064539214117	0.3902439024390243902439024390	-0.005387591470886873708903749869	-0.005387591470886873708903749869	False	3600.4612424	60	None
2019-10-02T11:30:00.031090100	-3911	-21095	Side.SELL	909028	912939	-0.02295326456518347678437966966	0.8084188538733993279447824902	0.3809523809523809523809523810	-0.004302397725922633846262161342	-0.009689989196809507555165911211	False	3599.4969785	60	None
2019-10-02T12:00:00.130482700	2793	-18302	Side.BUY	912939	915732	-0.01989391448812465905395080201	0.8337843974207610571246934883	0.3953488372093023255813953488	0.003059350077058817730428867646	0.0	False	1800.0993926	30	None
2019-10-02T12:30:00.334288800	4476	-13826	Side.SELL	915732	911256	-0.01500602152380758812053360134	0.8744346562528380710198892017	0.4090909090909090909090909091	0.004887892964317070933417200666	0.0	False	1800.2038061	30	None
2019-10-02T13:00:00.084394100	-516	-14342	Side.BUY	911256	910740	-0.01557227293943612719188127971	0.8703559741832842188997161608	0.4	-0.0005662514156285390713476783692	-0.0005662514156285390713476783692	False	1799.7501053	30	None
2019-10-02T13:30:00.358238500	-2055	-16397	Side.SELL	910740	912795	-0.01782867981735957405926384773	0.8544830095579556446960889591	0.3913043478260869565217391304	-0.002256406877923446867382568022	-0.002822658293551985938730246391	False	1800.2738444	30	None
2019-10-02T14:00:00.492890500	-4749	-21146	Side.BUY	912795	908046	-0.02303138140972149541071735043	0.8199267648812058247466575832	0.3829787234042553191489361702	-0.005202701592361921351453502703	-0.005202701592361921351453502703	False	1800.134652	30	None
2019-10-02T14:30:00.429958500	424	-20722	Side.SELL	908046	907622	-0.02256444471268191812058006664	0.8235374265519884186323767351	0.3958333333333333333333333333	0.0004669366970395772901372837940	0.0	False	1799.937068	30	None
2019-10-02T15:00:00.065497600	1877	-18845	Side.BUY	907622	909499	-0.02049640317115912559241305438	0.8395214170143915524142042068	0.4081632653061224489795918367	0.002068041541522792528167012258	0.0	False	1799.6355391	30	None
2019-10-02T15:30:00.813104900	3051	-15794	Side.SELL	909499	906448	-0.01714180904846080486858598035	0.8655028527633483777569615941	0.42	0.003354594122698320723827074026	0.0	False	1800.7476073	30	None
2019-10-02T17:30:00.428453300	-2602	-18396	Side.BUY	906448	903846	-0.02001235429760912887614074356	0.8467408691015729138896294322	0.4117647058823529411764705882	-0.002870545249148324007554763208	-0.002870545249148324007554763208	False	7199.6153484	120	None
2019-10-02T18:00:00.132039700	-2581	-20977	Side.SELL	903846	906427	-0.02286792925174954660216929267	0.8289169990131552119269571742	0.4038461538461538461538461538	-0.002855574954140417726028549111	-0.005726120203288741733583312319	False	1799.7035864	30	None
2019-10-02T18:30:01.065840500	94	-20883	Side.BUY	906427	906521	-0.02276422536825975647014542313	0.8296836387658731129651831372	0.4150943396226415094339622642	0.0001037038834897901320238695449	0.0	False	1800.9338008	30	None
2019-10-02T19:30:00.145948200	-588	-21471	Side.SELL	906521	907109	-0.02341285899064688263710680626	0.8257238171768086298000827915	0.4074074074074074074074074074	-0.0006486336223871261669613831340	-0.0006486336223871261669613831340	False	3599.0801077	60	None
2019-10-02T20:00:00.268013200	3887	-17584	Side.BUY	907109	910996	-0.01912781717097581774854324885	0.8572738857639142539427439712	0.4181818181818181818181818182	0.004285041819671064888563557412	0.0	False	1800.122065	30	None
2019-10-02T20:30:00.011999200	860	-16724	Side.SELL	910996	910136	-0.01818379546286732989568769295	0.8642543485848329153172458016	0.4285714285714285714285714286	0.0009440217081084878528555558971	0.0	False	1799.743986	30	None
2019-10-02T21:00:00.000778500	-2837	-19561	Side.BUY	910136	907299	-0.02130091202566673569877646210	0.8448007743696345546581189800	0.4210526315789473684210526316	-0.003117116562799405803088769151	-0.003117116562799405803088769151	False	1799.9887793	30	None
2019-10-02T21:30:00.154409900	-1936	-21497	Side.SELL	907299	909235	-0.02343471797056472412376094902	0.8320205666776063887977245378	0.4137931034482758620689655172	-0.002133805944897988424984486922	-0.005250922507697394228073256073	False	1800.1536314	30	None
2019-10-02T22:00:00.123585200	3665	-17832	Side.BUY	909235	912900	-0.01940385686205042364038756370	0.8606591963992686014346664166	0.4237288135593220338983050847	0.004030861108514300483373385318	0.0	False	1799.9691753	30	None
2019-10-02T22:30:00.565391900	2053	-15779	Side.SELL	912900	910847	-0.01715497965753733348812554157	0.8767015174957413224561239002	0.4333333333333333333333333333	0.002248877204513090152262022127	0.0	False	1800.4418067	30	None
2019-10-02T23:00:00.054958100	3393	-12386	Side.BUY	910847	914240	-0.01342987544135173920061073392	0.9032147154890837201306515386	0.4426229508196721311475409836	0.003725104216185594287514807646	0.0	False	1799.4895662	30	None
2019-10-02T23:12:59.039488200	-8000	-20386	Side.SELL	914240	922240	-0.02218031296322783300530096843	0.8500742789062614911674290673	0.4354838709677419354838709677	-0.008750437521876093804690234512	-0.008750437521876093804690234512	False	778.9845301	12	None
2019-10-03T01:30:00.258130100	-2653	-23039	Side.BUY	921348	918695	-0.02505978955621984036842543389	0.8338058242622288587360326632	0.4285714285714285714285714286	-0.002879476592992007363124465457	-0.002879476592992007363124465457	False	8221.2186419	138	None
2019-10-03T02:00:00.038016700	466	-22573	Side.SELL	918695	918229	-0.02455254830640352483389003313	0.8371673627792565661811912542	0.4375	0.0005072412498163155345354007587	0.0	False	1799.7798866	30	None
2019-10-03T02:30:00.178970200	2381	-20192	Side.BUY	918229	920610	-0.02195951323563141896487478748	0.8543429490647565048655745273	0.4461538461538461538461538462	0.002593035070772105869015245652	0.0	False	1800.1409535	30	None
2019-10-03T03:00:00.299387300	-1035	-21227	Side.SELL	920610	921645	-0.02308376780597065056131627736	0.8480116280734917157136515301	0.4393939393939393939393939394	-0.001124254570339231596441489882	-0.001124254570339231596441489882	False	1800.1204171	30	None
2019-10-03T03:30:00.651570200	-2533	-23760	Side.BUY	921645	919112	-0.02583211451213191655852778504	0.8329055170716269911037659552	0.4328358208955223880597014925	-0.002748346706161265997211507685	-0.002748346706161265997211507685	False	1800.3521829	30	None
2019-10-03T05:30:00.413247200	382	-23378	Side.SELL	919112	918730	-0.02541649595857152348347273190	0.8355919687752733921727205598	0.4411764705882352941176470588	0.0004156185535603930750550531382	0.0	False	7199.761677	120	None
2019-10-03T06:00:00.397030800	-5278	-28656	Side.BUY	918730	913452	-0.03116138292209726009814733706	0.8056864646409851294813287856	0.4347826086956521739130434783	-0.005744886963525736614674605161	-0.005744886963525736614674605161	False	1799.9837836	30	None
2019-10-03T07:00:00.106874000	1291	-27365	Side.SELL	913452	912161	-0.02974806290090293352160034828	0.8144406094674957449838275481	0.4428571428571428571428571429	0.001413320021194326576546988785	0.0	False	3599.7098432	60	None
2019-10-03T07:30:00.404209600	33	-27332	Side.BUY	912161	912194	-0.02971188507703192829335665007	0.8146643792423019807015521485	0.4507042253521126760563380282	0.00003617782387100522824369820679	0.0	False	1800.2973356	30	None
2019-10-03T08:00:00.401553400	-535	-27867	Side.SELL	912194	912729	-0.03029838312459637182181660486	0.8117196367763904653802497162	0.4444444444444444444444444444	-0.0005864980475644435284599547903	-0.0005864980475644435284599547903	False	1799.9973438	30	None
2019-10-03T09:00:00.244590900	1532	-26335	Side.BUY	912729	914261	-0.02861990024523130289117015887	0.8220704286254797037997946057	0.4520547945205479452054794521	0.001678482879365068930646445988	0.0	False	3599.8430375	60	None
2019-10-03T09:30:00.591228900	3257	-23078	Side.SELL	914261	911004	-0.02505746019802377681273085106	0.8440759958921139397870385385	0.4594594594594594594594594595	0.003562440047207526078439307813	0.0	False	1800.346638	30	None
2019-10-03T10:00:00.521786300	561	-22517	Side.BUY	911004	911565	-0.02444165609617570589317396657	0.8478663315496459650829684882	0.4666666666666666666666666667	0.0006158041018480709195568844923	0.0	False	1799.9305574	30	None
2019-10-03T10:30:00.023479300	4335	-18182	Side.SELL	911565	907230	-0.01968609834659120012562036370	0.8771552889033025241878817361	0.4736842105263157894736842105	0.004755557749584505767553602870	0.0	False	1799.501693	30	None
2019-10-03T11:00:00.014406500	-2017	-20199	Side.BUY	907230	905213	-0.02190934934137752773824340306	0.8653624395934010998166972171	0.4675324675324675324675324675	-0.002223250994786327612623039362	-0.002223250994786327612623039362	False	1799.9909272	30	None
2019-10-03T12:00:00.171727900	-81	-20280	Side.SELL	905213	905294	-0.02199883104347416134823353798	0.8648954738651353043849013364	0.4615384615384615384615384615	-0.00008948170209663360999013491852	-0.002312732696882961222613174281	False	3600.1573214	60	None
2019-10-03T13:30:00.321810900	99	-20181	Side.BUY	905294	905393	-0.02188947430411656039208006739	0.8655550077944918923960401316	0.4683544303797468354430379747	0.0001093567393576009561534705852	0.0	False	5400.150083	90	None
2019-10-03T14:30:00.064875700	15866	-4315	Side.SELL	905393	889527	-0.00436559240973478363878067144	0.9712536474224881084033949342	0.475	0.01752388189438177675329939595	0.0	False	3599.7430648	60	None
2019-10-03T18:30:00.242574000	2732	-1583	Side.BUY	889527	892259	-0.001294297215772149564716590192	0.9894541190891769815996695668	0.4814814814814814814814814815	0.003071295193962634074064081248	0.0	False	14400.1776983	240	None
2019-10-03T19:00:00.600375200	1042	-541	Side.SELL	892259	891217	-0.000126474868225080832431457736	0.9963958802446271301613526441	0.4878048780487804878048780488	0.001167822347547068732285132456	0.0	False	1800.3578012	30	None
2019-10-03T20:00:00.026545700	1166	625	Side.BUY	891217	892383	0.001181848469413227233954170007	1.004163724301493611181431788	0.4939759036144578313253012048	0.001308323337638308066385627743	0.0	False	3599.4261705	60	None
2019-10-03T21:00:00.429178200	-155	470	Side.SELL	892383	892538	0.001008156231887411524779970140	1.003127890803335529511982484	0.4880952380952380952380952381	-0.0001736922375258157091741998671	-0.0001736922375258157091741998671	False	3600.4026325	60	None
2019-10-03T22:00:00.039886400	3822	4292	Side.BUY	892538	896360	0.005290326850953490504050320534	1.028563632612587431203040044	0.4941176470588235294117647059	0.004282170619066078979270350394	0.0	False	3599.6107082	60	None
2019-10-03T23:00:00.854258600	-4568	-276	Side.SELL	896360	900928	0.000194160132224408438808676552	0.9982173882153860064974907802	0.4883720930232558139534883721	-0.005096166718729082065241643982	-0.005096166718729082065241643982	False	3600.8143722	60	None
2019-10-03T23:30:00.078095300	7232	6956	Side.BUY	900928	908160	0.008221438671685941435896124162	1.044926983962952676824109179	0.4942528735632183908045977011	0.008027278539461532997087447610	0.0	False	1799.2238367	30	None
2019-10-04T00:00:00.412660100	3385	10341	Side.SELL	908160	904775	0.01194875544406085334569175489	1.066789813277874300034231313	0.5	0.003727316772374911909795630726	0.0	False	1800.3345648	30	None
2019-10-04T00:29:12.553336100	-8000	2341	Side.BUY	904775	896775	0.003106778156890009765796200747	1.014377045857924571175896186	0.4943820224719101123595505618	-0.008841977287170843579895554143	-0.008841977287170843579895554143	False	1752.140676	29	None
2019-10-04T01:00:00.005230400	5829	8170	Side.SELL	896570	890741	0.009608222550523524159541251329	1.050175337317062685393879469	0.5	0.006501444393633514393745050582	0.0	False	1847.4518943	31	None
2019-10-04T01:30:01.359372500	-1061	7109	Side.BUY	890741	889680	0.008417079446074531691472531016	1.043376655073524925254744036	0.4945054945054945054945054945	-0.001191143104448992468068720313	-0.001191143104448992468068720313	False	1801.3541421	30	None
2019-10-04T02:30:00.620431000	-971	6138	Side.SELL	889680	890651	0.007325675795323699931738694131	1.037231364604121047427833144	0.4891304347826086956521739130	-0.001091403650750831759733836885	-0.002282546755199824227802557198	False	3599.2610585	60	None
2019-10-04T03:30:00.323969200	-944	5194	Side.BUY	890651	889707	0.006265776912371791720778396551	1.031325955188323633183559000	0.4838709677419354838709677419	-0.001059898882951908210960297580	-0.001059898882951908210960297580	False	3599.7035382	60	None
2019-10-04T04:00:00.002069500	1087	6281	Side.SELL	889707	888620	0.007487527443726496134703430298	1.037881849160158016947619191	0.4893617021276595744680851064	0.001221750531354704413925033747	0.0	False	1799.6781003	30	None
2019-10-04T05:00:00.139745400	-4074	2207	Side.BUY	888620	884546	0.002902890591078570137089151979	1.012991599903460698497165630	0.4842105263157894736842105263	-0.004584636852647925997614278319	-0.004584636852647925997614278319	False	3600.1376759	60	None
2019-10-04T05:30:00.018094200	-4881	-2674	Side.SELL	884546	889427	-0.002615194392630586876791415001	0.9846990157930876630807965209	0.4791666666666666666666666667	-0.005518084983709157013880566980	-0.01010272183635708301149484530	False	1799.8783488	30	None
2019-10-04T06:00:01.804123400	-799	-3473	Side.BUY	889427	888628	-0.003513525565396873486035343958	0.9802174767457094196253111490	0.4742268041237113402061855670	-0.0008983311727662866092439289565	-0.0008983311727662866092439289565	False	1801.7860292	30	None
2019-10-04T06:30:00.476667100	-1489	-4962	Side.SELL	888628	890117	-0.005189142358925774218400293071	0.9719737020469025349057882608	0.4693877551020408163265306122	-0.001675616793528900732364949113	-0.002573947966295187341608878070	False	1798.6725437	30	None
2019-10-04T07:30:00.058000000	383	-4579	Side.BUY	890117	890500	-0.004758861845240494642793940198	0.9741369572093443585920202431	0.4747474747474747474747474747	0.0004302805136852795756063528727	0.0	False	3599.5813329	60	None
2019-10-04T08:30:00.036261800	-1122	-5701	Side.SELL	890500	891622	-0.006018828156301696214944417458	0.9680024695515518886456754785	0.47	-0.001259966311061201572150477260	-0.001259966311061201572150477260	False	3599.9782618	60	None
2019-10-04T09:00:00.369221800	-2421	-8122	Side.BUY	891622	889201	-0.008734104360791939838363310217	0.9550254442358700045960208427	0.4653465346534653465346534653	-0.002715276204490243623418892759	-0.002715276204490243623418892759	False	1800.33296	30	None
2019-10-04T10:30:00.183500800	-5699	-13821	Side.SELL	889201	894900	-0.01514322895691812503158733943	0.9258092221804713081754254120	0.4607843137254901960784313725	-0.006409124596126185193224029213	-0.009124400800616428816642921972	False	5399.814279	90	None
2019-10-04T12:00:00.054454600	-570	-14391	Side.BUY	894900	894330	-0.01578017163207736070037714835	0.9229851225516429412394305897	0.4563106796116504854368932039	-0.0006369426751592356687898089172	-0.0006369426751592356687898089172	False	5399.8709538	90	None
2019-10-04T13:00:00.169140900	627	-13764	Side.SELL	894330	893703	-0.01507908813940686994193227901	0.9263405758321738199721716793	0.4615384615384615384615384615	0.0007010834926704907584448693435	0.0	False	3600.1146863	60	None
2019-10-04T13:30:00.386324000	3056	-10708	Side.BUY	893703	896759	-0.01165960761847318168084330426	0.9426950658246815797923579150	0.4666666666666666666666666667	0.003419480520933688261088974749	0.0	False	1800.2171831	30	None
2019-10-04T14:00:00.046258800	-2286	-12994	Side.SELL	896759	899045	-0.01420878749846323474972803249	0.9313017457413849618812980449	0.4622641509433962264150943396	-0.002549179879990053068884728227	-0.002549179879990053068884728227	False	1799.6599348	30	None
2019-10-04T15:30:00.048086300	-5538	-18532	Side.BUY	899045	893507	-0.02036865713791398526833388648	0.9048098456986706663105339935	0.4579439252336448598130841121	-0.006159869639450750518605853990	-0.006159869639450750518605853990	False	5400.0018275	90	None
2019-10-04T16:00:00.213217900	-2000	-20532	Side.SELL	893507	895507	-0.02260702796209331458528383763	0.8956092005450367086290699803	0.4537037037037037037037037037	-0.002238370824179329316949951148	-0.008398240463630079835555805138	False	1800.1651316	30	None
2019-10-04T18:30:00.207264900	3828	-16704	Side.BUY	895507	899335	-0.01833235450895447814961108465	0.9150718919688434239694128653	0.4587155963302752293577981651	0.004274673453138836435672752977	0.0	False	8999.994047	150	None
2019-10-04T21:30:00.060792600	5175	-11529	Side.SELL	899335	894160	-0.01257810275627055058090754259	0.9413831323340993675133717028	0.4636363636363636363636363636	0.005754251752683927568703542062	0.0	False	10799.8535277	180	None
2019-10-04T22:00:00.077007700	3784	-7745	Side.BUY	894160	897944	-0.008346197951761290493227485330	0.9606221146610807183095727156	0.4684684684684684684684684685	0.004231904804509260087680057260	0.0	False	1800.0162151	30	None
2019-10-04T22:30:00.209669400	-1897	-9642	Side.SELL	897944	899841	-0.01045880185579094044912673963	0.9514455058641058308700228119	0.4642857142857142857142857143	-0.002112603904029649955899254296	-0.002112603904029649955899254296	False	1800.1326617	30	None
2019-10-04T23:00:00.100321300	-2681	-12323	Side.BUY	899841	897160	-0.01343821710804106019250362510	0.9387713527640587890411503413	0.4601769911504424778761061947	-0.002979415252250119743376885472	-0.002979415252250119743376885472	False	1799.8906519	30	None
2019-10-04T23:30:00.347863200	2015	-10308	Side.SELL	897160	895145	-0.01119224091650331887545872787	0.9487831781458993749441027119	0.4649122807017543859649122807	0.002245976191537741317044897231	0.0	False	1800.2475419	30	None
2019-10-05T00:30:00.000741700	-6638	-16946	Side.BUY	895145	888507	-0.01860779928972776854562389664	0.9184896584896584896584896585	0.4608695652173913043478260870	-0.007415558373224449670165168772	-0.007415558373224449670165168772	False	3599.6528785	60	None
2019-10-05T01:00:00.166909200	-2404	-19350	Side.SELL	888507	890911	-0.02131346170994505439705781894	0.9079903377967133292757151552	0.4568965517241379310344827586	-0.002705662420217285851433922299	-0.01012122079344173552159909107	False	1800.1661675	30	None
2019-10-05T02:30:00.033044600	690	-18660	Side.BUY	890911	891601	-0.02053897357364412198068850708	0.9112713024954351795496043822	0.4615384615384615384615384615	0.0007744881363009324163693118617	0.0	False	5399.8661354	90	None
2019-10-05T03:00:00.936514300	-1370	-20030	Side.SELL	891601	892971	-0.02207553533165022560775936052	0.9053733571435320351105945936	0.4576271186440677966101694915	-0.001536561758006103627070853442	-0.001536561758006103627070853442	False	1800.9034697	30	None
2019-10-05T03:30:00.135095400	514	-19516	Side.BUY	892971	893485	-0.02149992873300368501461579819	0.9078016194714513827867380973	0.4621848739495798319327731092	0.0005756065986465405931435623329	0.0	False	1799.1985811	30	None
2019-10-05T04:30:00.205003500	155	-19361	Side.SELL	893485	893330	-0.02132645072274050208485200809	0.9085338775664465168135907102	0.4666666666666666666666666667	0.0001734780102631829297637901028	0.0	False	3600.0699081	60	None
2019-10-05T06:00:00.162584200	-2453	-21814	Side.BUY	893330	890877	-0.02407235649104560770091773968	0.8981258785673922485254078187	0.4628099173553719008264462810	-0.002745905768305105616065731589	-0.002745905768305105616065731589	False	5399.9575807	90	None
2019-10-05T06:30:00.990990900	-640	-22454	Side.SELL	890877	891517	-0.02479074971480152462323136996	0.8954494871185982948963295106	0.4590163934426229508196721311	-0.0007183932237559169223136302767	-0.003464298992061022538379361866	False	1800.8284067	30	None
2019-10-05T09:30:00.182620500	-4261	-26715	Side.BUY	891517	887256	-0.02957024354385918701217067230	0.8780292930584217542962543602	0.4552845528455284552845528455	-0.004779493829057662388939302335	-0.004779493829057662388939302335	False	10799.1916296	180	None
2019-10-05T11:30:00.186579300	1038	-25677	Side.SELL	887256	886218	-0.02840034443920393531480260716	0.8827684131709187866391511588	0.4596774193548387096774193548	0.001169899104655251697368065136	0.0	False	7200.0039588	120	None
2019-10-05T12:00:00.131793900	1365	-24312	Side.BUY	886218	887583	-0.02686009136377554184953785289	0.8890004930876417626970067754	0.464	0.001540253075428393465264754270	0.0	False	1799.9452146	30	None
2019-10-05T12:30:00.382252300	2271	-22041	Side.SELL	887583	885312	-0.02430145741066918447225595362	0.8993690304435962525339226035	0.4682539682539682539682539683	0.002558633953106357377281899270	0.0	False	1800.2504584	30	None
2019-10-05T13:30:00.156596800	-4878	-26919	Side.BUY	885312	880434	-0.02981137933649872253341405382	0.8797754414799067465811545917	0.4645669291338582677165354331	-0.005509921925829538061158100195	-0.005509921925829538061158100195	False	3599.7743445	60	None
2019-10-05T14:00:00.024656100	-5331	-32250	Side.SELL	880434	885765	-0.03586634768165577008041928079	0.8593159045005823667209045660	0.4609375	-0.006054968345157047547005226968	-0.01156489027098658560816332716	False	1799.8680593	30	None
2019-10-05T14:30:00.065246900	-1939	-34189	Side.BUY	885765	883826	-0.03805541588823426437631040315	0.8521083503477869675052773644	0.4573643410852713178294573643	-0.002189068206578494295891122363	-0.002189068206578494295891122363	False	1800.0405908	30	None
2019-10-05T15:00:00.173831100	2813	-31376	Side.SELL	883826	881013	-0.03487266272188704218551719272	0.8642765685019206145966709347	0.4615384615384615384615384615	0.003182753166347222190793210428	0.0	False	1800.1085842	30	None
2019-10-05T15:30:00.873151600	2187	-29189	Side.BUY	881013	883200	-0.03239029299522012580630371914	0.8737368931030902861888777382	0.4656488549618320610687022901	0.002482369726666916379213473581	0.0	False	1800.6993205	30	None
2019-10-05T16:00:04.502287800	-5202	-34391	Side.SELL	883200	888402	-0.03828023864739403884978198001	0.8545084567937794549408151351	0.4621212121212121212121212121	-0.005889945652173913043478260870	-0.005889945652173913043478260870	False	1803.6291362	30	None
2019-10-05T19:30:01.206838900	-479	-34870	Side.BUY	888402	887923	-0.03881940897794259682241148782	0.8527803695900902232148511549	0.4586466165413533834586466165	-0.0005391703305485579726295078129	-0.0005391703305485579726295078129	False	12596.7045511	210	None
2019-10-05T20:30:00.417078900	-358	-35228	Side.SELL	887923	888281	-0.03922259709222728141780996269	0.8514933709925594924435638556	0.4552238805970149253731343284	-0.0004031881142846845953984748678	-0.0009423584448332425680279826807	False	3599.21024	60	None
2019-10-05T21:00:00.084886500	253	-34975	Side.BUY	888281	888534	-0.03893777731109946263073695314	0.8525599140020656366587273149	0.4592592592592592592592592593	0.0002848197811278187870730095544	0.0	False	1799.6678076	30	None
2019-10-05T21:30:18.343266800	-8000	-42975	Side.SELL	888534	896534	-0.04794137199627751997012970570	0.8247456313847032196235956202	0.4558823529411764705882352941	-0.009003594685178057339392752556	-0.009003594685178057339392752556	False	1818.2583803	30	None
2019-10-05T22:30:00.251292400	-200	-43175	Side.SELL	894614	894814	-0.04816493210152961752281723351	0.8240735081392742904875415113	0.4525547445255474452554744526	-0.0002235601052520975526875278053	-0.009227154790430154892080280361	False	3581.9080256	60	None
2019-10-05T23:00:00.234010600	-1448	-44623	Side.BUY	894814	893366	-0.04978314549559810549908939733	0.8192398212773886730696783236	0.4492753623188405797101449275	-0.001618213394068487976272163824	-0.001618213394068487976272163824	False	1799.9827182	30	None
2019-10-06T01:00:00.258481800	206	-44417	Side.SELL	893366	893160	-0.04955255691264330310007264496	0.8200742922187610131935526993	0.4532374100719424460431654676	0.0002305885829548023990167523725	0.0	False	7200.0244712	120	None
2019-10-06T01:53:57.483360600	-8000	-52417	Side.BUY	893160	885160	-0.05850951871120123225050481837	0.7943326414583521342839093945	0.45	-0.008956961798557929150432173407	-0.008956961798557929150432173407	False	3237.2248788	53	None
2019-10-06T02:30:00.057518200	2392	-50025	Side.SELL	885175	882783	-0.05580722820367447200535555410	0.8037180759859218482086454291	0.4539007092198581560283687943	0.002702290507526760245149264270	0.0	False	2162.5741576	37	None
2019-10-06T04:00:00.063983800	706	-49319	Side.BUY	882783	883489	-0.05500748466534172205434834168	0.8064881916951460196262305631	0.4577464788732394366197183099	0.0007997435383327499510072124180	0.0	False	5400.0064656	90	None
2019-10-06T04:30:00.967845600	-466	-49785	Side.SELL	883489	883955	-0.05553493888378699981106064936	0.8050162731221287045341500574	0.4545454545454545454545454545	-0.0005274542184452777567123076801	-0.0005274542184452777567123076801	False	1800.9038618	30	None
2019-10-06T05:30:00.283420200	1195	-48590	Side.BUY	883955	885150	-0.05418306011167755985088168097	0.8096965092096863262692447783	0.4583333333333333333333333333	0.001351878772109439960178968386	0.0	False	3599.3155746	60	None
2019-10-06T07:00:00.007877500	11848	-36742	Side.SELL	885150	873302	-0.04079775818545036671977395911	0.8560993854987095081248115177	0.4620689655172413793103448276	0.01338530192622719313110772186	0.0	False	5399.7244573	90	None
2019-10-06T08:30:00.080797500	-1130	-37872	Side.BUY	873302	872172	-0.04209169773900686836525284270	0.8523272725854814999668563006	0.4589041095890410958904109589	-0.001293939553556501645478883594	-0.001293939553556501645478883594	False	5400.07292	90	None
2019-10-06T09:30:00.433434000	5249	-32623	Side.SELL	872172	866923	-0.03607338942367457152472138790	0.8727944817690157101135074222	0.4625850340136054421768707483	0.006018308315332296840531454805	0.0	False	3600.3526365	60	None
2019-10-06T10:00:00.031379300	3077	-29546	Side.BUY	866923	870000	-0.03252405459232276750060390572	0.8847925009455702470960270453	0.4662162162162162162162162162	0.003549334831351804024117482175	0.0	False	1799.5979453	30	None
2019-10-06T10:30:00.036339600	3484	-26062	Side.SELL	870000	866516	-0.02851945689117334221324758388	0.8983775184337457449338880679	0.4697986577181208053691275168	0.004004597701149425287356321839	0.0	False	1800.0049603	30	None
2019-10-06T12:00:01.490573500	3766	-22296	Side.BUY	866516	870282	-0.02417331671603520281362888094	0.9130621268896782721604622961	0.4733333333333333333333333333	0.004346140175138139399618702944	0.0	False	5401.4542339	90	None
2019-10-06T12:30:00.087123500	646	-21650	Side.SELL	870282	869636	-0.02343102858414232211518860526	0.9155810480427670699799968026	0.4768211920529801324503311258	0.0007422881318928806984402756808	0.0	False	1798.59655	30	None
2019-10-06T13:00:00.169932100	256	-21394	Side.BUY	869636	869892	-0.02313665254635179826383010584	0.9165792582830004016236513439	0.4802631578947368421052631579	0.0002943760377905238513584994181	0.0	False	1800.0828086	30	None
2019-10-06T13:30:00.578911200	3208	-18186	Side.SELL	869892	866684	-0.01944883842689788904291532561	0.9290880803559243387831973142	0.4836601307189542483660130719	0.003687814119453909220914780226	0.0	False	1800.4089791	30	None
2019-10-06T15:00:00.010163900	-1264	-19450	Side.BUY	866684	865420	-0.02090727079671203122161021325	0.9245313767106544623491112551	0.4805194805194805194805194805	-0.001458432369814142178694887641	-0.001458432369814142178694887641	False	5399.4312527	90	None
2019-10-06T15:15:45.154777200	-8000	-27450	Side.SELL	865420	873420	-0.03015133726154991340598311889	0.8966969362832724303127693124	0.4774193548387096774193548387	-0.009244066464837882184372905641	-0.01070249883465202436306779328	False	945.1446133	15	None
2019-10-06T16:00:00.080461900	3195	-24255	Side.SELL	880341	877146	-0.02652206178761424529555772691	0.9087207355027603933419387859	0.4807692307692307692307692308	0.003629275473935668110425391979	0.0	False	2654.9256847	45	None
2019-10-06T16:30:00.428286500	-4121	-28376	Side.BUY	877146	873025	-0.03122025342275822360703608969	0.8948429462948963104608588666	0.4777070063694267515923566879	-0.004698191635143978311478362781	-0.004698191635143978311478362781	False	1800.3478246	30	None
2019-10-06T17:00:00.064864900	-709	-29085	Side.SELL	873025	873734	-0.03203237220515277130040111360	0.8924979578862551884473652113	0.4746835443037974683544303797	-0.0008121187823945476933650239111	-0.005510310417538526004843386692	False	1799.6365784	30	None
2019-10-06T17:30:00.503118600	3084	-26001	Side.BUY	873734	876818	-0.02850269383622126583077305746	0.9038968335224521627925027629	0.4779874213836477987421383648	0.003529678368931505469628056136	0.0	False	1800.4382537	30	None
2019-10-06T18:00:00.163515400	3677	-22324	Side.SELL	876818	873141	-0.02430912116777695925859958474	0.9174875163091889574316307711	0.48125	0.004193572668444306572173472716	0.0	False	1799.6603968	30	None
2019-10-06T18:30:00.183617900	-4196	-26520	Side.BUY	873141	868945	-0.02911475966144522131478524089	0.9034755358527237587761920881	0.4782608695652173913043478261	-0.004805638493668262056185656154	-0.004805638493668262056185656154	False	1800.0201025	30	None
2019-10-06T19:30:00.211849300	9209	-17311	Side.SELL	868945	859736	-0.01851685070288052504517093849	0.9369934012498680613942179953	0.4814814814814814814814814815	0.01059790895856469626961430240	0.0	False	3600.0282314	60	None
2019-10-06T20:30:00.131948800	6398	-10913	Side.BUY	859736	866134	-0.01107503135368495803390236302	0.9602801102096822918372769328	0.4846625766871165644171779141	0.007441819349195567011268575470	0.0	False	3599.9200995	60	None
2019-10-06T21:30:00.009301000	4369	-6544	Side.SELL	866134	861765	-0.006030777231343611313879826092	0.9761818969313810059363273388	0.4878048780487804878048780488	0.005044254122341346720022536928	0.0	False	3599.8773522	60	None
2019-10-06T22:00:00.350560800	3264	-3280	Side.BUY	861765	865029	-0.002243201732222621252784283804	0.9880618309802765433177190818	0.4909090909090909090909090909	0.003787575499120990061095542288	0.0	False	1800.3412598	30	None
2019-10-06T22:30:00.005498800	3096	-184	Side.SELL	865029	861933	0.001335869027254806671597442127	0.9993302978354789280397744851	0.4939759036144578313253012048	0.003579070759477427924381725931	0.0	False	1799.654938	30	None
2019-10-06T23:21:20.582315300	-8000	-8184	Side.BUY	861933	853933	-0.007945594845227161184372801500	0.9710556005503114069368945602	0.4910179640718562874251497006	-0.009281463872481967855970243627	-0.009281463872481967855970243627	False	3080.5768165	51	None
2019-10-07T00:00:00.789330900	725	-7459	Side.SELL	860329	859604	-0.007102893971491648374738347704	0.9736197121828901251640147268	0.4940476190476190476190476190	0.0008427008737355128096344537962	0.0	False	2320.2070156	39	None
2019-10-07T00:28:46.857825100	-8000	-15459	Side.BUY	859604	851604	-0.01640950492258075452128955035	0.9468304276196994658623073510	0.4911242603550295857988165680	-0.009306610951089106146551202647	-0.009306610951089106146551202647	False	1726.0684942	28	None
2019-10-07T01:00:00.090750500	-3075	-18534	Side.SELL	852183	855258	-0.02001788481281559844565790785	0.9369214223480723153996950555	0.4882352941176470588235294118	-0.003608379890234843924368357501	-0.01291499084132395007091956015	False	1873.2329254	32	None
2019-10-07T01:30:00.313192300	-1096	-19630	Side.BUY	855258	854162	-0.02129936946423072697997153017	0.9334395768343957683439576834	0.4853801169590643274853801170	-0.001281484651415128534313622322	-0.001281484651415128534313622322	False	1800.2224418	30	None
2019-10-07T02:00:01.433821800	-395	-20025	Side.SELL	854162	854557	-0.02176181101513090750778709677	0.9321910502344953693513705704	0.4825581395348837209302325581	-0.0004624415509001805278155666021	-0.001743926202315309062129188924	False	1801.1206295	30	None
2019-10-07T02:30:00.469988000	3087	-16938	Side.BUY	854557	857644	-0.01814941301242307175195103200	0.9426442950747506899412491746	0.4855491329479768786127167630	0.003612398002707835755836064768	0.0	False	1799.0361662	30	None
2019-10-07T03:00:00.188014700	3031	-13907	Side.SELL	857644	854613	-0.01461531261645458132935144522	0.9529079118906929888424224980	0.4885057471264367816091954023	0.003534100395968490422599586775	0.0	False	1799.7180267	30	None
2019-10-07T04:00:01.060890400	5975	-7932	Side.BUY	854613	860588	-0.007623843963391732999171586032	0.9731405448419484279498162979	0.4914285714285714285714285714	0.006991468653062848330179859188	0.0	False	3600.8728757	60	None
2019-10-07T05:30:00.120783900	6434	-1498	Side.SELL	860588	854154	-0.000147560306171320908833352173	0.9949274503496266698271337386	0.4943181818181818181818181818	0.007476283657220412090338233859	0.0	False	5399.0598935	90	None
2019-10-07T06:00:00.171459100	3129	1631	Side.BUY	854154	857283	0.003515713529694342660031278795	1.005522916208116756683541303	0.4971751412429378531073446328	0.003663273835865663568864630968	0.0	False	1800.0506752	30	None
2019-10-07T07:00:00.038009900	1683	3314	Side.SELL	857283	855600	0.005478892549924535023579838605	1.011221915581667033506594653	0.5	0.001963179020230192363548559810	0.0	False	3599.8665508	60	None
2019-10-07T08:30:00.287203200	7938	11252	Side.BUY	855600	863538	0.01475659240967208060562752444	1.038101688028037857880568207	0.5027932960893854748603351955	0.009277699859747545582047685835	0.0	False	5400.2491933	90	None
2019-10-07T09:30:14.155336800	-943	10309	Side.SELL	863538	864481	0.01366457329760057940938601567	1.034797372560403432143604561	0.5	-0.001092019112071501196241508770	-0.001092019112071501196241508770	False	3613.8681336	60	None
2019-10-07T10:00:00.889801800	3804	14113	Side.BUY	864481	868285	0.01806490135570711963409887807	1.047637532151030520694799803	0.5027624309392265193370165746	0.004400328058106540224712862400	0.0	False	1786.734465	30	None
2019-10-07T10:11:34.602294300	-8000	6113	Side.SELL	868285	876285	0.008851336685120848997153635437	1.020091501291666940557027260	0.5	-0.009213564670586270636945242633	-0.009213564670586270636945242633	False	693.7124925	11	None
2019-10-07T11:30:00.098685100	-1079	5034	Side.SELL	875623	876702	0.007619071201002683987783164355	1.016486701578911170280706236	0.4972677595628415300546448087	-0.001232265484118165009370471082	-0.01044583015470443564631571372	False	4705.4963908	79	None
2019-10-07T12:30:24.781213200	3241	8275	Side.BUY	876702	879943	0.01131588037903581269058069419	1.027101202933152549478117621	0.5	0.003696809178033128702797529833	0.0	False	3624.6825281	60	None
2019-10-07T12:37:10.741812600	-8000	275	Side.SELL	879943	887943	0.002224382407008079076017023589	1.000877649304103888145989781	0.4972972972972972972972972973	-0.009091497972027733614563670601	-0.009091497972027733614563670601	False	405.9605994	7	None
2019-10-07T13:20:13.438732600	-8000	-7725	Side.SELL	888241	896241	-0.006782182252808344619804268155	0.9759598178858954928937532870	0.4946236559139784946236559140	-0.009006564659816423695821291744	-0.01809806263184415731038496234	False	2582.69692	43	None
2019-10-07T14:00:00.320146100	-1651	-9376	Side.BUY	892422	890771	-0.008632203879348255110581053129	0.9709710577482754777267266895	0.4919786096256684491978609626	-0.001850021626539910490776784974	-0.001850021626539910490776784974	False	2386.8814135	40	None
2019-10-07T15:00:00.035946300	-1607	-10983	Side.SELL	890771	892378	-0.01043625901809884308437005165	0.9661639889708713935827723779	0.4893617021276595744680851064	-0.001804055138750587973788998519	-0.003654076765290498464565783493	False	3599.7158002	60	None
2019-10-07T15:30:00.130412500	2822	-8161	Side.BUY	892378	895200	-0.007273921981551550345194500482	0.9748578998444215098815446942	0.4920634920634920634920634921	0.003162337036547292739175551168	0.0	False	1800.0944662	30	None
2019-10-07T16:00:00.015965100	-250	-8411	Side.SELL	895200	895450	-0.007553189184411246502477789133	0.9741076513414089796672259077	0.4894736842105263157894736842	-0.0002792672028596961572832886506	-0.0002792672028596961572832886506	False	1799.8855526	30	None
2019-10-07T16:30:00.052070000	-2412	-10823	Side.BUY	895450	893038	-0.01024680691851141959980315627	0.9669281329352771674861041933	0.4869109947643979057591623037	-0.002693617734100173097325367134	-0.002693617734100173097325367134	False	1800.0361049	30	None
2019-10-07T16:41:18.763737300	-8000	-18823	Side.SELL	893038	901038	-0.01920499234847072704248756612	0.9438550127215837402351032193	0.484375	-0.008958185429959307442684409846	-0.01165180316405948054000977698	False	678.7116673	11	None
2019-10-07T21:00:00.199296400	3984	-14839	Side.SELL	903642	899658	-0.01479616672947559401414227008	0.9557384335002699421637728668	0.4870466321243523316062176166	0.004408825618995133028345296035	0.0	False	15521.4355591	259	None
2019-10-07T21:30:00.114686600	-1527	-16366	Side.BUY	899658	898131	-0.01649347837456739556539841408	0.9514050548719654140339208513	0.4845360824742268041237113402	-0.001697311645091801551256144001	-0.001697311645091801551256144001	False	1799.9153902	30	None
2019-10-07T23:30:00.012758400	-3754	-20120	Side.SELL	898131	901885	-0.02067326951862099131033985358	0.9409170195396695816619584305	0.4820512820512820512820512821	-0.004179791144053595744941439500	-0.005877102789145397296197583501	False	7199.8980718	120	None
2019-10-08T02:30:00.819758600	9505	-10615	Side.BUY	901885	911390	-0.01013423183643312922149260587	0.9688287357064409845597260805	0.4846938775510204081632653061	0.01053903768218786208884724771	0.0	False	10800.8070002	180	None
2019-10-08T04:00:00.108892500	644	-9971	Side.SELL	911390	910746	-0.009427618860648887568632688601	0.9707198609259465903951981864	0.4873096446700507614213197970	0.0007066129757842416528599172692	0.0	False	5399.2891339	90	None
2019-10-08T05:00:00.223142400	-4141	-14112	Side.BUY	910746	906605	-0.01397444091641416131125686702	0.9590575579016998424621169262	0.4848484848484848484848484848	-0.004546822055765273742624178421	-0.004546822055765273742624178421	False	3600.1142499	60	None
2019-10-08T05:30:00.061532600	992	-13120	Side.SELL	906605	905613	-0.01288024884820363963974612088	0.9619355980491994000214692511	0.4874371859296482412060301508	0.001094192068210521671510746135	0.0	False	1799.8383902	30	None
2019-10-08T07:00:00.277833100	1102	-12018	Side.BUY	905613	906715	-0.01166339352479286704703819818	0.9651327757130547552940562088	0.49	0.001216855323410772592707922700	0.0	False	5400.2163005	90	None
2019-10-08T08:30:00.182877200	11508	-510	Side.SELL	906715	895207	0.00102857694001691331393520581	0.9985203624241685742386394297	0.4925373134328358208955223881	0.01269197046480978036097340399	0.0	False	5399.9050441	90	None
2019-10-08T09:30:00.856751500	-2579	-3089	Side.BUY	895207	892628	-0.001852320997555067244751220905	0.9911045965823681527855369783	0.4900990099009900990099009901	-0.002880897937571980558686426715	-0.002880897937571980558686426715	False	3600.6738743	60	None
2019-10-08T10:00:00.016295000	-1559	-4648	Side.SELL	892628	894187	-0.003598849226559759008845558076	0.9866749613694286689008849913	0.4876847290640394088669950739	-0.001746528229004691764094337171	-0.004627426166576672322780763886	False	1799.1595435	30	None
2019-10-08T10:30:00.149975000	3619	-1029	Side.BUY	894187	897806	0.000448402634628113326583160973	0.9970500290983524312175152014	0.4901960784313725490196078431	0.004047251861187872335428719049	0.0	False	1800.13368	30	None
2019-10-08T11:00:00.197374900	4077	3048	Side.SELL	897806	893729	0.004989472754453554457517906341	1.008738106227620786830917071	0.4926829268292682926829268293	0.004541070119825441130934745368	0.0	False	1800.0473999	30	None
2019-10-08T12:00:00.230404300	1974	5022	Side.BUY	893729	895703	0.007198195980397884338275943733	1.014397234079761020821806277	0.4951456310679611650485436893	0.002208723225944329880758037392	0.0	False	3600.0330294	60	None
2019-10-08T12:30:00.106302600	-410	4612	Side.SELL	895703	896113	0.006740454965798178855543386178	1.013206309935944242570018928	0.4927536231884057971014492754	-0.0004577410145997054827325575554	-0.0004577410145997054827325575554	False	1799.8758983	30	None
2019-10-08T14:30:00.000196100	-196	4416	Side.BUY	896113	895917	0.006521732550209966208254483997	1.012637977465707752494827187	0.4903846153846153846153846154	-0.0002187224155882126472889021809	-0.0002187224155882126472889021809	False	7199.8938935	120	None
2019-10-08T16:30:44.229767900	-947	3469	Side.SELL	895917	896864	0.005464714991663806240311024949	1.009900961840340211776122385	0.4880382775119617224880382775	-0.001057017558546159967943459048	-0.001275739974134372615232361229	False	7244.2295718	120	None
2019-10-08T17:00:00.164620800	-2295	1174	Side.BUY	896864	894569	0.002905798589622917097698544127	1.003328938227496349226603150	0.4857142857142857142857142857	-0.002558916402040889142612480822	-0.002558916402040889142612480822	False	1755.9348529	30	None
2019-10-08T18:00:00.065581600	-1593	-419	Side.SELL	894569	896162	0.001125052777952716140589589983	0.9988172461878066268087100362	0.4834123222748815165876777251	-0.001780745811670200957108954144	-0.004339662213711090099721434966	False	3599.9009608	60	None
2019-10-08T19:00:00.384160500	831	412	Side.BUY	896162	896993	0.002052340478167632640061783627	1.001162994201965798937497530	0.4858490566037735849056603774	0.0009272877002149164994721936436	0.0	False	3600.3185789	60	None
2019-10-08T21:00:00.249192000	6778	7190	Side.SELL	896993	890215	0.009608698220089810405105657994	1.020295942505179840681085537	0.4882629107981220657276995305	0.007556357741922177765043874367	0.0	False	7199.8650315	120	None
2019-10-08T22:30:00.443202500	6080	13270	Side.BUY	890215	896295	0.01643850899613829307502247584	1.037458575388558621117942291	0.4906542056074766355140186916	0.006829810776048482669916817847	0.0	False	5400.1940105	90	None
2019-10-08T23:30:00.060300100	1444	14714	Side.SELL	896295	894851	0.01804958570637320457179530175	1.041534700698361081471695770	0.4930232558139534883720930233	0.001611076710234911496772825911	0.0	False	3599.6170976	60	None
2019-10-09T01:00:00.033563800	1164	15878	Side.BUY	894851	896015	0.01935036091922987009488238552	1.044820441599060571673751898	0.4953703703703703703703703704	0.001300775212856665523087083771	0.0	False	5399.9732637	90	None
2019-10-09T01:30:00.539247900	1196	17074	Side.SELL	896015	894819	0.02068516000183451399035288546	1.048196512146514687036002010	0.4976958525345622119815668203	0.001334799082604643895470499936	0.0	False	1800.5056841	30	None
2019-10-09T02:00:00.314643200	-752	16322	Side.BUY	894819	894067	0.01984476658148917040690193057	1.045976169685360975747162052	0.4954128440366972477064220183	-0.0008403934203453435834509548858	-0.0008403934203453435834509548858	False	1799.7753953	30	None
2019-10-09T02:30:00.232454300	2367	18689	Side.SELL	894067	891700	0.02249221917732371077132652067	1.052643587504577335849694375	0.4977168949771689497716894977	0.002647452595834540364424590103	0.0	False	1799.9178111	30	None
2019-10-09T03:00:00.046924500	1951	20640	Side.BUY	891700	893651	0.02468017476776892777256011941	1.058139207346271936001802766	0.5	0.002187955590445217001233598744	0.0	False	1799.8144702	30	None
2019-10-09T03:30:00.103227300	1825	22465	Side.SELL	893651	891826	0.02672235902090577873563183309	1.063279907608236387707388524	0.5022624434389140271493212670	0.002042184253136850963071713678	0.0	False	1800.0563028	30	None
2019-10-09T04:30:01.905715000	-2580	19885	Side.BUY	891826	889246	0.02382941802120404319529100427	1.055608378310355434995385777	0.5	-0.002892940999701735540340828816	-0.002892940999701735540340828816	False	3601.8024877	60	None
2019-10-09T06:00:00.039348100	-2152	17733	Side.SELL	889246	891398	0.02140939026735415238892246283	1.049293660456660606768183865	0.4977578475336322869955156951	-0.002420027753849890806368541438	-0.005312968753551626346709370254	False	5398.1336331	90	None
2019-10-09T08:30:00.127726100	4830	22563	Side.BUY	891398	896228	0.02682784532334485463415971936	1.062719949296996180596093867	0.5	0.005418455055990702245237256534	0.0	False	9000.088378	150	None
2019-10-09T09:00:00.432771800	-2967	19596	Side.SELL	896228	899195	0.02351730380935511095286433470	1.054026781800286179830111742	0.4977777777777777777777777778	-0.003310541513989743681295384657	-0.003310541513989743681295384657	False	1800.3050457	30	None
2019-10-09T10:30:00.018902800	2267	21863	Side.BUY	899195	901462	0.02603844772140978207536835218	1.060276971346175584283819811	0.5	0.002521143912054671122504017482	0.0	False	5399.586131	90	None
2019-10-09T11:00:00.238011000	-1083	20780	Side.SELL	901462	902545	0.02483706596599468970319958633	1.057120552403571271495799798	0.4977973568281938325991189427	-0.001201381755415092372168765849	-0.001201381755415092372168765849	False	1800.2191082	30	None
2019-10-09T11:30:00.035677600	-3244	17536	Side.BUY	902545	899301	0.02124278534840775497972319457	1.047777329744221275297246047	0.4956140350877192982456140351	-0.003594280617586934723476391759	-0.003594280617586934723476391759	False	1799.7976666	30	None
2019-10-09T12:30:00.730193100	1005	18541	Side.SELL	899301	898296	0.02236031996696149838710292616	1.050515480770278664763129502	0.4978165938864628820960698690	0.001117534618553743407379731592	0.0	False	3600.6945155	60	None
2019-10-09T14:00:02.128119500	8286	26827	Side.BUY	898296	906582	0.03158445098836201670177871232	1.073090922961235410150502948	0.5	0.009224131021400518314675786155	0.0	False	5401.3979264	90	None
2019-10-09T14:06:28.174544100	-8000	18827	Side.SELL	906582	914582	0.02276009753770890424201224883	1.050200514083981271131304728	0.4978354978354978354978354978	-0.008824353450653112459766463486	-0.008824353450653112459766463486	False	386.0464246	6	None
2019-10-09T15:00:40.170701100	-8000	10827	Side.SELL	923302	931302	0.01409554357811605163257351697	1.028266272621894547770966698	0.4956896551724137931034482759	-0.008664553959592852609438731856	-0.01748890741024596506920519534	False	3251.996157	54	None
2019-10-09T16:04:32.747554800	-8000	2827	Side.BUY	945742	937742	0.005636576967772004313114298705	1.007229513395186120970959196	0.4935622317596566523605150215	-0.008458966610344047319459218265	-0.008458966610344047319459218265	False	3832.5768537	64	None
2019-10-09T18:01:58.385398400	-8000	-5173	Side.SELL	942992	950992	-0.002847058100181912581196575618	0.9870362573802864904419651360	0.4914529914529914529914529915	-0.008483635067953916894310874323	-0.01694260167829796421377009259	False	7045.6378436	117	None
2019-10-09T19:00:00.007787800	-455	-5628	Side.SELL	945482	945937	-0.003328294125828090932555988066	0.9859120731130363387410479836	0.4893617021276595744680851064	-0.0004812360256461783513594124478	-0.01742383770394414256512950504	False	3481.6223894	59	None
2019-10-09T20:30:00.293144700	-959	-6587	Side.BUY	945937	944978	-0.004342103713570192150713222639	0.9835510051192408540392058934	0.4872881355932203389830508475	-0.001013809587742101218157234573	-0.001013809587742101218157234573	False	5400.2853569	90	None
2019-10-09T22:00:01.853294500	6260	-327	Side.SELL	944978	938718	0.002282389131765889747489698487	0.9991834186540142339867648895	0.4894514767932489451476793249	0.006624492845336081898202921126	0.0	False	5401.5601498	90	None
2019-10-10T00:00:00.150552700	1821	1494	Side.BUY	938718	940539	0.004222268840048888475542212661	1.003730802846797352977899863	0.4915966386554621848739495798	0.001939879708282998728052514174	0.0	False	7198.2972582	120	None
2019-10-10T00:30:00.042752600	21	1515	Side.SELL	940539	940518	0.004244596462826891301581324277	1.003783243850667998501685604	0.4937238493723849372384937238	0.00002232762277800282603911161579	0.0	False	1799.8921999	30	None
2019-10-10T01:00:00.573677600	-722	793	Side.BUY	940518	939796	0.003476934387247263904763825835	1.001976708244842611149332456	0.4916666666666666666666666667	-0.0007676620755796273968174984423	-0.0007676620755796273968174984423	False	1800.530925	30	None
2019-10-10T01:30:00.315087400	-569	224	Side.SELL	939796	940365	0.002871483842660991990433481803	1.000557573162808874374285921	0.4896265560165975103734439834	-0.0006054505445862719143303440321	-0.001373112620165899311147842474	False	1799.7414098	30	None
2019-10-10T02:00:00.251582300	-862	-638	Side.BUY	940365	939503	0.001954818505265406233838967971	0.9984153123548508083645675765	0.4876033057851239669421487603	-0.0009166653373955857565945138324	-0.0009166653373955857565945138324	False	1799.9364949	30	None
2019-10-10T04:00:00.061489800	-2853	-3491	Side.SELL	939503	942356	-0.001081893458400489457819281125	0.9913899412020046564855372716	0.4855967078189300411522633745	-0.003036711963665895691658249096	-0.003953377301061481448252762928	False	7199.8099075	120	None
2019-10-10T05:00:00.211386000	2344	-1147	Side.BUY	942356	944700	0.001405489229246217306927799596	0.9971710863817528905725898741	0.4877049180327868852459016393	0.002487382687646706764747080721	0.0	False	3600.1498962	60	None
2019-10-10T05:30:00.269731200	633	-514	Side.SELL	944700	944067	0.002075543214638405303117066030	0.9987322915433487234126514344	0.4897959183673469387755102041	0.0006700539853921879961892664338	0.0	False	1800.0583452	30	None
2019-10-10T06:00:00.248676800	-3028	-3542	Side.BUY	944067	941039	-0.001131856260187004334122663777	0.9913289137395834353365125684	0.4878048780487804878048780488	-0.003207399474825409637239729807	-0.003207399474825409637239729807	False	1799.9789456	30	None
2019-10-10T07:38:46.237746100	-8000	-11542	Side.SELL	941039	949039	-0.009633097972804653549511186463	0.9722870506430018920294657178	0.4858299595141700404858299595	-0.008501241712617649215388522686	-0.01170864118744305885262825249	False	5925.9890693	98	None
2019-10-10T09:00:00.382993500	4339	-7203	Side.SELL	947166	942827	-0.005052063602905396185965620005	0.9827052179675569769787074654	0.4879032258064516129032258065	0.004581034369899257363545566458	0.0	False	4874.1452474	82	None
2019-10-10T09:30:00.111450200	-1121	-8324	Side.BUY	942827	941706	-0.006241041008092137762097826656	0.9800672884663737263682187713	0.4859437751004016064257028112	-0.001188977405186741576132206651	-0.001188977405186741576132206651	False	1799.7284567	30	None
2019-10-10T10:00:00.327715700	5986	-2338	Side.SELL	941706	935720	0.000115507638725446494559771363	0.9944014080291184253062104141	0.488	0.006356548646817584256657598019	0.0	False	1800.2162655	30	None
2019-10-10T11:00:00.038893800	810	-1528	Side.BUY	935720	936530	0.0009811512073143406081835049585	0.9963410399779696124328013314	0.4900398406374501992031872510	0.0008656435685888941136237335955	0.0	False	3599.7111781	60	None
2019-10-10T11:30:01.042544200	-463	-1991	Side.SELL	936530	936993	0.0004867730240206927805645285242	0.9952376168470201019929772190	0.4880952380952380952380952381	-0.0004943781832936478276189764343	-0.0004943781832936478276189764343	False	1801.0036504	30	None
2019-10-10T12:43:57.642981700	-8000	-9991	Side.BUY	936993	928993	-0.008051177633027972470936816737	0.9765506914389252419801534027	0.4861660079051383399209486166	-0.008537950657048665251501345261	-0.008537950657048665251501345261	False	4436.6004375	73	None
2019-10-10T14:00:00.127271000	-3862	-13853	Side.SELL	931584	935446	-0.01219680486578422418844162575	0.9677784755657897797315842114	0.4842519685039370078740157480	-0.004145627232756251717504809013	-0.01268357788980491696900615427	False	4562.4842893	77	None
2019-10-10T15:00:00.149146800	1764	-12089	Side.BUY	935446	937210	-0.01031107335375680625090167155	0.9718814690763612681134138116	0.4862745098039215686274509804	0.001885731512027417937539954204	0.0	False	3600.0218758	60	None
2019-10-10T16:08:28.631466000	-8000	-20089	Side.SELL	937210	945210	-0.01884704714831725695031802434	0.9541273719544219395793848332	0.484375	-0.008535973794560450699416352792	-0.008535973794560450699416352792	False	4108.4823192	68	None
2019-10-10T17:30:00.193798000	-1330	-21419	Side.BUY	943433	942103	-0.02025679219645528053015888214	0.9512384464781678277102399490	0.4824902723735408560311284047	-0.001409745048138023579840857803	-0.001409745048138023579840857803	False	4891.562332	82	None
2019-10-10T18:00:00.041324700	5070	-16349	Side.SELL	942103	937033	-0.01487521502283413719445142765	0.9627805855302098984656012384	0.4844961240310077519379844961	0.005381577173621143335707454493	0.0	False	1799.8475267	30	None
2019-10-10T20:00:00.371955400	7928	-8421	Side.BUY	937033	944961	-0.006414467108939962709668074236	0.9808291217046851523015981423	0.4864864864864864864864864865	0.008460747913894174484783353414	0.0	False	7200.3306307	120	None
2019-10-10T20:30:00.028679600	-264	-8685	Side.SELL	944961	945225	-0.006693843718133357992648006741	0.9802399868949135883364730936	0.4846153846153846153846153846	-0.0002793766091933952829799325052	-0.0002793766091933952829799325052	False	1799.6567242	30	None
2019-10-10T21:30:00.078480800	-3064	-11749	Side.BUY	945225	942161	-0.009935399961355871150890753177	0.9734538668016304102235035744	0.4827586206896551724137931034	-0.003241556243222513158242746436	-0.003241556243222513158242746436	False	3600.0498012	60	None
2019-10-10T23:30:00.862530700	-13	-11762	Side.SELL	942161	942174	-0.009949198027716079225731465115	0.9734252746830666898628787554	0.4809160305343511450381679389	-0.00001379806636020807484071193777	-0.003255354309582721233083458374	False	7200.7840499	120	None
2019-10-11T01:00:00.171428200	-3523	-15285	Side.BUY	942174	938651	-0.01368842241726620478640284853	0.9657382252467923716276192269	0.4790874524714828897338403042	-0.003739224389550125560671383418	-0.003739224389550125560671383418	False	5399.3088975	90	None
2019-10-11T01:30:00.034909300	-547	-15832	Side.SELL	938651	939198	-0.01427117362085518514225395826	0.9645555677444920310474599873	0.4772727272727272727272727273	-0.0005827512035889803558511097309	-0.004321975593139105916522493149	False	1799.8634811	30	None
2019-10-11T03:30:01.286708200	2659	-13173	Side.BUY	939198	941857	-0.01144003471297846479148660143	0.9705084950668389038016795359	0.4792452830188679245283018868	0.002831138907876720350767356830	0.0	False	7201.2517989	120	None
2019-10-11T04:45:12.771401800	-8000	-21173	Side.SELL	941857	949857	-0.01993389312248224296588037883	0.9534322620092330498316365020	0.4774436090225563909774436090	-0.008493858409503778174393777399	-0.008493858409503778174393777399	False	4511.4846936	75	None
2019-10-11T05:15:36.789202500	-8000	-29173	Side.BUY	961833	953833	-0.02825134532052493852737598150	0.9369465559760607429469320532	0.4756554307116104868913857678	-0.008317452198042695561495602667	-0.008317452198042695561495602667	False	1824.0178007	30	None
2019-10-11T06:00:00.105833900	-3247	-32420	Side.SELL	927348	930595	-0.03175272775732320627583718484	0.9304169403199704669061937938	0.4738805970149253731343283582	-0.003501382436798267748461203345	-0.01181883463484096330995680601	False	2663.3166314	45	None
2019-10-11T06:30:00.006244900	-1521	-33941	Side.BUY	930595	929074	-0.03338716593934653543621307338	0.9273894561643337419427989534	0.4721189591078066914498141264	-0.001634438182023329160375888544	-0.001634438182023329160375888544	False	1799.900411	30	None
2019-10-11T08:00:00.038469800	3417	-30524	Side.SELL	929074	925657	-0.02970931035410789997768124491	0.9346995008974433027624994919	0.4740740740740740740740740741	0.003677855585238635458531828466	0.0	False	5400.0322249	90	None
2019-10-11T08:06:47.137785200	-8000	-38524	Side.BUY	925657	917657	-0.03835182048475024374000357381	0.9189717292859862148456479170	0.4723247232472324723247232472	-0.008642510130642343762322328897	-0.008642510130642343762322328897	False	407.0993154	6	None
2019-10-11T09:30:00.397289200	3440	-35084	Side.BUY	920613	924053	-0.03461517978990887174112891095	0.9262071474994689118898533776	0.4742647058823529411764705882	0.003736640694841371998874662861	0.0	False	4993.259504	84	None
2019-10-11T10:30:00.852852700	-843	-35927	Side.SELL	924053	924896	-0.03552746512419164556470829438	0.9245677980692110976270360837	0.4725274725274725274725274725	-0.0009122853342827738235793834336	-0.0009122853342827738235793834336	False	3600.4555635	60	None
2019-10-11T12:30:00.026636300	-465	-36392	Side.BUY	924896	924431	-0.03603022435333740898027069275	0.9236660115323221750739910267	0.4708029197080291970802919708	-0.0005027592291457634155623983670	-0.0005027592291457634155623983670	False	7199.1737836	120	None
2019-10-11T16:00:00.001605900	-786	-37178	Side.SELL	924431	925217	-0.03688047710340745206623384197	0.9221456946430927286700604984	0.4690909090909090909090909091	-0.0008502527500700430859631492237	-0.001353011979215806501525547591	False	12599.9749696	210	None
2019-10-11T16:30:00.010105800	-6167	-43345	Side.BUY	925217	919050	-0.04354594044876319023360430749	0.9103886706636344841844118255	0.4673913043478260869565217391	-0.006665463345355738167370465523	-0.006665463345355738167370465523	False	1800.0084999	30	None
2019-10-11T17:18:52.974069300	-8000	-51345	Side.SELL	919050	927050	-0.05225058111031588051160876862	0.8955765710799267846247712020	0.4657039711191335740072202166	-0.008704640661552690278004461128	-0.01537010400690842844537492665	False	2932.9639635	48	None
2019-10-11T18:00:17.645963900	-778	-52123	Side.BUY	925783	925005	-0.05309095082978577788496732025	0.8941617696628072726091317785	0.4640287769784172661870503597	-0.0008403697194698973733585516260	-0.0008403697194698973733585516260	False	2484.6718946	42	None
2019-10-11T19:00:00.293487900	2476	-49647	Side.SELL	925005	922529	-0.05041420854190625290942664750	0.8991894054150642262192422809	0.4659498207885304659498207885	0.002676742287879524975540672753	0.0	False	3582.647524	60	None
2019-10-11T19:30:00.105385500	1757	-47890	Side.BUY	922529	924286	-0.04850966136777947749098451723	0.9027570774735115071130080938	0.4678571428571428571428571429	0.001904547174126775418442130274	0.0	False	1799.8118976	30	None
2019-10-11T22:00:01.371360100	1994	-45896	Side.SELL	924286	922292	-0.04635232045814761029836232020	0.9068059893030754673305203481	0.4697508896797153024911032028	0.002157340909631867192622197026	0.0	False	9001.2659746	150	None
2019-10-11T23:30:00.343025700	-1328	-47224	Side.BUY	922292	920964	-0.04779221151217388397307705263	0.9043673021388966517215262674	0.4680851063829787234042553191	-0.001439891054026273674714732427	-0.001439891054026273674714732427	False	5398.9716656	90	None
2019-10-12T01:00:00.214887700	4548	-42676	Side.SELL	920964	916416	-0.04285390773482753818757403622	0.9135773967914525137402137682	0.4699646643109540636042402827	0.004938303777346345785503016405	0.0	False	5399.871862	90	None
2019-10-12T01:30:00.101782400	2041	-40635	Side.BUY	916416	918457	-0.04062675325476608138193118407	0.9177105988991628291272281017	0.4718309859154929577464788732	0.002227154480061456805642852154	0.0	False	1799.8868947	30	None
2019-10-12T02:00:00.000030100	-1738	-42373	Side.SELL	918457	920195	-0.04251905741271795065833715626	0.9144919522787078443084771483	0.4701754385964912280701754386	-0.001892304157951869276405972190	-0.001892304157951869276405972190	False	1799.8982477	30	None
2019-10-12T03:00:00.014424000	156	-42217	Side.BUY	920195	920351	-0.04234952812816413326093769202	0.9148067578257430218103740536	0.4720279720279720279720279720	0.0001695292845538173973994642440	0.0	False	3600.0143939	60	None
2019-10-12T04:30:00.144597300	-2336	-44553	Side.SELL	920351	922687	-0.04488769019893930490740735414	0.9105145818269462521089419137	0.4703832752613240418118466899	-0.002538162070775171646469662118	-0.002538162070775171646469662118	False	5400.1301733	90	None
2019-10-12T05:30:00.062426600	2681	-41872	Side.BUY	922687	925368	-0.04198204613979465455468752607	0.9158994135132963766369406283	0.4722222222222222222222222222	0.002905644059144650352719828067	0.0	False	3599.9178293	60	None
2019-10-12T08:30:00.517586600	1665	-40207	Side.SELL	925368	923703	-0.04018276196312115817270760025	0.9192435928336145255884952197	0.4740484429065743944636678201	0.001799284176673496381979925824	0.0	False	10800.45516	180	None
2019-10-12T09:30:00.032742000	1041	-39166	Side.BUY	923703	924744	-0.03905577634111928094593665764	0.9213344581023539808789266490	0.4758620689655172413793103448	0.001126985622001877226770942608	0.0	False	3599.5151554	60	None
2019-10-12T10:30:00.169055100	3904	-35262	Side.SELL	924744	920840	-0.03483406741410812975166018761	0.9291757049891540130151843818	0.4776632302405498281786941581	0.004221708927011151194276470028	0.0	False	3600.1363131	60	None
2019-10-12T11:00:00.098090700	368	-34894	Side.BUY	920840	921208	-0.03443443229834426197875718600	0.9299148389170081144050775287	0.4794520547945205479452054795	0.0003996351157638677729030016072	0.0	False	1799.9290356	30	None
2019-10-12T11:30:00.072206900	-2572	-37466	Side.SELL	921208	923780	-0.03722641847301925394582651236	0.9251356773476776993597787600	0.4778156996587030716723549488	-0.002791986174674991967069326363	-0.002791986174674991967069326363	False	1799.9741162	30	None
2019-10-12T12:00:00.054966000	-1778	-39244	Side.BUY	923780	922002	-0.03915111915932984737716297775	0.9218605021603647731119208331	0.4761904761904761904761904762	-0.001924700686310593431336465392	-0.001924700686310593431336465392	False	1799.9827591	30	None
2019-10-12T13:30:00.177843800	-2340	-41584	Side.SELL	922002	924342	-0.04168907460845034820037160420	0.9175852706264740273896585211	0.4745762711864406779661016949	-0.002537955449120500823208626445	-0.004462656135431094254545091837	False	5400.1228778	90	None
2019-10-12T14:00:00.253979400	143	-41441	Side.BUY	924342	924485	-0.04153436996449821792824288994	0.9178686802624016489287908516	0.4763513513513513513513513514	0.0001547046439521302721287142638	0.0	False	1800.0761356	30	None
2019-10-12T14:30:00.536292200	1260	-40181	Side.SELL	924485	923225	-0.04017144898687283731092622174	0.9203658560754702023505162812	0.4781144781144781144781144781	0.001362920977625380617316668199	0.0	False	1800.2823128	30	None
2019-10-12T16:00:00.010696500	4710	-35471	Side.BUY	923225	927935	-0.03506976738163034496074073066	0.9297005370909883663317280060	0.4798657718120805369127516779	0.005101681605242492350185491077	0.0	False	5399.4744043	90	None
2019-10-12T17:00:00.378644900	3419	-32052	Side.SELL	927935	924516	-0.03138524206466310048779812153	0.9364766038408942267673464534	0.4816053511705685618729096990	0.003684525316967244472942609127	0.0	False	3600.3679484	60	None
2019-10-12T17:30:00.108923000	-157	-32209	Side.BUY	924516	924359	-0.03155506065082061425716501188	0.9361853041347104474299968102	0.48	-0.0001698185861575137693668903513	-0.0001698185861575137693668903513	False	1799.7302781	30	None
2019-10-12T22:30:00.110794600	79	-32130	Side.SELL	924359	924280	-0.03146959602073641536907066758	0.9363418243921961773394330004	0.4817275747508305647840531561	0.00008546463008419888809434429697	0.0	False	18000.0018716	300	None
2019-10-12T23:00:00.353311700	-333	-32463	Side.BUY	924280	923947	-0.03182987645523678322296775504	0.9357244683799944561042252406	0.4801324503311258278145695364	-0.0003602804345003678538970874627	-0.0003602804345003678538970874627	False	1800.2425171	30	None
2019-10-13T00:30:00.253137600	3096	-29367	Side.SELL	923947	920851	-0.02847903490263690465850464190	0.9418544331366570308478200610	0.4818481848184818481848184818	0.003350841552599878564463113144	0.0	False	5399.8998259	90	None
2019-10-13T01:00:00.180987000	2185	-27182	Side.BUY	920851	923036	-0.02610622974740549371362865219	0.9461806518037460895735160179	0.4835526315789473684210526316	0.002372805155231410944875989710	0.0	False	1799.9278494	30	None
2019-10-13T02:30:00.289459400	-1158	-28340	Side.SELL	923036	924194	-0.02736078536603791975118298376	0.9440162143582409159690093991	0.4819672131147540983606557377	-0.001254555618632426037554331575	-0.001254555618632426037554331575	False	5400.1084724	90	None
2019-10-13T03:00:00.282588900	-937	-29277	Side.BUY	924194	923257	-0.02837464176415346691985103398	0.9422720864430006605475643541	0.4803921568627450980392156863	-0.001013856398115547168668050215	-0.001013856398115547168668050215	False	1799.9931295	30	None
2019-10-13T03:30:00.222632900	-143	-29420	Side.SELL	923257	923400	-0.02852952821505500354508106202	0.9420064735126099452392873617	0.4788273615635179153094462541	-0.0001548864509015366252300280420	-0.001168742849017083793898078257	False	1799.940044	30	None
2019-10-13T04:00:00.593279600	-160	-29580	Side.BUY	923400	923240	-0.02870280090294757447858766804	0.9417094616697342440162535619	0.4772727272727272727272727273	-0.0001732726878925709335066060212	-0.0001732726878925709335066060212	False	1800.3706467	30	None
2019-10-13T04:30:00.540376200	90	-29490	Side.SELL	923240	923150	-0.02860531812490502866168198804	0.9418868162488324156876037032	0.4789644012944983818770226537	0.00009748277804254581690567999653	0.0	False	1799.9470966	30	None
2019-10-13T08:30:10.065149700	-295	-29785	Side.BUY	923150	922855	-0.02892487615989392537402559417	0.9413395883431510990580065504	0.4774193548387096774193548387	-0.0003195580349888967123436061312	-0.0003195580349888967123436061312	False	14409.5247735	240	None
2019-10-13T12:00:00.195210900	-1946	-31731	Side.SELL	922855	924801	-0.03103354978684507154541763301	0.9377456106447138409139511751	0.4758842443729903536977491961	-0.002108673626951146171392038836	-0.002428231661940042883735644967	False	12590.1300612	210	None
2019-10-13T12:30:00.106546400	2500	-29231	Side.BUY	924801	927301	-0.02833026551271474512924810032	0.9426504662555743684017429895	0.4775641025641025641025641026	0.002703284274130326416169532689	0.0	False	1799.9113355	30	None
2019-10-13T14:00:00.092529600	-4835	-34066	Side.SELL	927301	932136	-0.03354432222137784373477101036	0.9337925190560779268231059561	0.4760383386581469648562300319	-0.005214056708663098605522910037	-0.005214056708663098605522910037	False	5399.9859832	90	None
2019-10-13T15:00:00.124374400	1420	-32646	Side.BUY	932136	933556	-0.03202093936737370699935901039	0.9365522978073363470635565385	0.4777070063694267515923566879	0.001523382854004136735411999966	0.0	False	3600.0318448	60	None
2019-10-13T15:30:00.084750300	1518	-31128	Side.SELL	933556	932038	-0.03039489872278463039334930128	0.9395025401625548554614466682	0.4793650793650793650793650794	0.001626040644589076606009709112	0.0	False	1799.9603759	30	None
2019-10-13T17:00:00.726845100	3575	-27553	Side.BUY	932038	935613	-0.02655921820332083170702964478	0.9464505746947723571231444375	0.4810126582278481012658227848	0.003835680519463798686319656495	0.0	False	5400.6420948	90	None
2019-10-13T17:30:00.485592100	1210	-26343	Side.SELL	935613	934403	-0.02526594844328115718348198138	0.9488022171518305884547959902	0.4826498422712933753943217666	0.001293269760039674523547663404	0.0	False	1799.758747	30	None
2019-10-13T18:30:00.013869700	1394	-24949	Side.BUY	934403	935797	-0.02377408679472052542181169565	0.9515114647428546995922524070	0.4842767295597484276729559748	0.001491861648560631761670285733	0.0	False	3599.5282776	60	None
2019-10-13T21:00:00.767280200	21167	-3782	Side.SELL	935797	914630	-0.00115486489082470186178745962	0.9926496596920708835567717585	0.4858934169278996865203761755	0.02261922190389582356002423603	0.0	False	9000.7534105	150	None
2019-10-13T23:30:00.037481200	6317	2535	Side.BUY	914630	920947	0.005751753085843459033875267384	1.004926788122845137541931145	0.4875	0.006906617976668160895662727004	0.0	False	8999.270201	150	None
2019-10-14T00:00:00.113444800	2402	4937	Side.SELL	920947	918545	0.008359937921670059261684250963	1.009595089926030155441622905	0.4890965732087227414330218069	0.002608184835826600227808983579	0.0	False	1800.0759636	30	None
2019-10-14T01:00:00.061769000	-1495	3442	Side.BUY	918545	917050	0.006732363877937852347488430399	1.006670167761889351179875550	0.4875776397515527950310559006	-0.001627574043732206914195820564	-0.001627574043732206914195820564	False	3599.9483242	60	None
2019-10-14T01:30:00.302254400	-535	2907	Side.SELL	917050	917585	0.006148971478395842642455989420	1.005627569865495853369572793	0.4860681114551083591331269350	-0.0005833923995420097050324409792	-0.002210966443274216619228261543	False	1800.2404854	30	None
2019-10-14T02:30:00.035079300	1762	4669	Side.BUY	917585	919347	0.008069229547130619257156534874	1.009038570244926088538883856	0.4876543209876543209876543210	0.001920258068734776614700545454	0.0	False	3599.7328249	60	None
2019-10-14T03:30:00.097820400	676	5345	Side.SELL	919347	918671	0.008804534062183151108568460948	1.010347217382550855266723968	0.4892307692307692307692307692	0.0007353045150525318514119260736	0.0	False	3600.0627411	60	None
2019-10-14T05:00:01.461747900	-513	4832	Side.BUY	918671	918158	0.008246118699120640155245671832	1.009344836455692285675054199	0.4877300613496932515337423313	-0.0005584153630625109533227891160	-0.0005584153630625109533227891160	False	5401.3639275	90	None
2019-10-14T05:30:00.049230400	-1671	3161	Side.SELL	918158	919829	0.006426170498484148396746589975	1.006093517468983012946555939	0.4862385321100917431192660550	-0.001819948200636491758499081857	-0.002378363563699002711821870973	False	1798.5874825	30	None
2019-10-14T07:30:00.633514200	673	3834	Side.BUY	919829	920502	0.007157828230519124462950199559	1.007390871868421661384718592	0.4878048780487804878048780488	0.0007316577320349760662036095840	0.0	False	7200.5842838	120	None
2019-10-14T08:30:00.083663700	606	4440	Side.SELL	920502	919896	0.007816164659989131046314494259	1.008559069143399107080894770	0.4893617021276595744680851064	0.0006583364294700065833642947001	0.0	False	3599.4501495	60	None
2019-10-14T12:00:00.027559500	-3161	1279	Side.BUY	919896	916735	0.004379906648213886888279238100	1.002450618786033580566727150	0.4878787878787878787878787879	-0.003436258011775244158035256159	-0.003436258011775244158035256159	False	12599.9438958	210	None
2019-10-14T13:30:00.380415400	95	1374	Side.SELL	916735	916640	0.004483535286806282727862105559	1.002632642855363674510307352	0.4894259818731117824773413897	0.0001036286385923958395828674590	0.0	False	5400.3528559	90	None
2019-10-14T14:00:00.058910400	1382	2756	Side.BUY	916640	918022	0.005991215510230964173140513658	1.005280614053407777984284617	0.4909638554216867469879518072	0.001507680223424681445278408099	0.0	False	1799.678495	30	None
2019-10-14T14:30:00.025254300	995	3751	Side.SELL	918022	917027	0.007075067531206496349929305212	1.007187076674286130340729897	0.4924924924924924924924924925	0.001083852020975532176788791554	0.0	False	1799.9663439	30	None
2019-10-14T15:30:01.216118200	-445	3306	Side.BUY	917027	916582	0.006589803738537360108575451945	1.006329041224916435980197337	0.4910179640718562874251497006	-0.0004852637926691362413538532671	-0.0004852637926691362413538532671	False	3601.1908639	60	None
2019-10-14T16:35:59.985670400	-8000	-4694	Side.SELL	916582	924582	-0.002138275145839596890361904451	0.9911493078208140223322535514	0.4895522388059701492537313433	-0.008728078884376956998937356396	-0.009213342677046093240291209663	False	3958.7695522	65	None
2019-10-14T17:30:00.258261300	-371	-5065	Side.SELL	923376	923747	-0.002540061633684201905003827135	0.9904564510810683498987234443	0.4880952380952380952380952381	-0.0004017864878446050146419226837	-0.009615129164890698254933132347	False	3240.2725909	55	None
2019-10-14T18:00:00.047495300	-723	-5788	Side.BUY	923747	923024	-0.003322743471893148727023276183	0.9891090003161174752750974696	0.4866468842729970326409495549	-0.0007826818382089468220194490483	-0.0007826818382089468220194490483	False	1799.789234	30	None
2019-10-14T18:30:00.230102700	-1013	-6801	Side.SELL	923024	924037	-0.004420223060722908299905454761	0.9872272335438651844923853578	0.4852071005917159763313609467	-0.001097479588829759572882178578	-0.001880161427038706394901627626	False	1800.1826074	30	None
2019-10-14T19:00:00.261236600	1971	-4830	Side.BUY	924037	926008	-0.002287191591203830600635836770	0.9909289131034949038521131125	0.4867256637168141592920353982	0.002133031469519077699269617991	0.0	False	1800.0311339	30	None
2019-10-14T20:00:00.428510500	2171	-2659	Side.SELL	926008	923837	0.000057280594781603650472145018	0.9950062070273691406506767632	0.4882352941176470588235294118	0.002344472185985434251107981788	0.0	False	3600.1672739	60	None
2019-10-14T20:30:01.418746800	1305	-1354	Side.BUY	923837	925142	0.001469867447224188218962040963	0.9974570907540646169390809843	0.4897360703812316715542521994	0.001412586852442584568489895945	0.0	False	1800.9902363	30	None
2019-10-14T21:00:09.955619100	940	-414	Side.SELL	925142	924202	0.002485927684463444462868381827	0.9992224782660138489016096954	0.4912280701754385964912280702	0.001016060237239256243906340864	0.0	False	1808.5368723	30	None
2019-10-14T21:12:18.922244500	-8000	-8414	Side.BUY	924202	916202	-0.006170188619115210419938623568	0.9844318091407150562205228499	0.4897959183673469387755102041	-0.008656116303578654882807005395	-0.008656116303578654882807005395	False	728.9666254	12	None
2019-10-14T22:00:00.435309800	1073	-7341	Side.SELL	922858	921785	-0.005007496200563277186440078830	0.9864171512838114128494007893	0.4912790697674418604651162791	0.001162692418551933233498544738	0.0	False	2861.5130653	48	None
2019-10-14T22:30:00.149365400	592	-6749	Side.BUY	921785	922377	-0.004365264009759564824012831695	0.9875125124662094027136093076	0.4927536231884057971014492754	0.0006422321908037123624272471346	0.0	False	1799.7140556	30	None
2019-10-14T23:00:00.042380000	-1798	-8547	Side.SELL	922377	924175	-0.006314575408460963492886838744	0.9842381592560012835194989848	0.4913294797687861271676300578	-0.001949311398701398668874007049	-0.001949311398701398668874007049	False	1799.8930146	30	None
2019-10-14T23:30:00.729664900	-433	-8980	Side.BUY	924175	923742	-0.006783101391094122797131164764	0.9834528609229544566715558733	0.4899135446685878962536023055	-0.0004685259826331593042443260205	-0.0004685259826331593042443260205	False	1800.6872849	30	None
2019-10-15T00:00:00.092293400	-2059	-11039	Side.SELL	923742	925801	-0.009012078746243071313058772256	0.9797356957582455103340792399	0.4885057471264367816091954023	-0.002228977355148948515927607492	-0.002697503337782107820171933512	False	1799.3626285	30	None
2019-10-15T01:00:00.222271500	1739	-9300	Side.BUY	925801	927540	-0.007133705316099876393200184935	0.9829279799394585783229402057	0.4899713467048710601719197708	0.001878373430143194919858587321	0.0	False	3600.1299781	60	None
2019-10-15T02:30:00.437039100	5058	-4242	Side.SELL	927540	922482	-0.001680571219457144004300514840	0.9922129560110949773382701454	0.4914285714285714285714285714	0.005453134096642732388899670095	0.0	False	5400.2147676	90	None
2019-10-15T03:30:00.266967700	297	-3945	Side.BUY	922482	922779	-0.001358613717847356496251577300	0.9927581592323832356434407647	0.4928774928774928774928774929	0.0003219575016097875080489375402	0.0	False	3599.8299286	60	None
2019-10-15T04:30:00.250069300	949	-2996	Side.SELL	922779	921830	-0.000330198463490679545432367067	0.9945002395589911721134977265	0.4943181818181818181818181818	0.001028415254356676950819210233	0.0	False	3599.9831016	60	None
2019-10-15T05:00:00.647407200	1272	-1724	Side.BUY	921830	923102	0.001049665502750384425147891766	0.9968352513350136117235213887	0.4957507082152974504249291785	0.001379863966241063970580258833	0.0	False	1800.3973379	30	None
2019-10-15T06:00:00.137415300	276	-1448	Side.SELL	923102	922826	0.001348657380137715402656336120	0.9973419048335845184313567116	0.4971751412429378531073446328	0.0002989918773873309775084443539	0.0	False	3599.4900081	60	None
2019-10-15T07:00:01.289488900	-1895	-3343	Side.BUY	922826	920931	-0.000704817489447666890430334607	0.9938845249027707145026214406	0.4957746478873239436619718310	-0.002053474869585382293086670727	-0.002053474869585382293086670727	False	3601.1520736	60	None
2019-10-15T08:00:00.178015500	2145	-1198	Side.SELL	920931	918786	0.001624347236248395029518065436	0.9978084537342265378325278151	0.4971910112359550561797752809	0.002329164725696061919948400043	0.0	False	3598.8885266	60	None
2019-10-15T08:30:00.191712700	1085	-113	Side.BUY	918786	919871	0.002805253344961414165638990222	0.9997932848680864764399629742	0.4985994397759103641456582633	0.001180906108713019136120924786	0.0	False	1800.0136972	30	None
2019-10-15T10:00:00.095534700	2378	2265	Side.SELL	919871	917493	0.005390398435957869103342211652	1.004143449325523281977733305	0.5	0.002585145090996454937703221430	0.0	False	5399.903822	90	None
2019-10-15T10:30:00.026748000	2949	5214	Side.BUY	917493	920442	0.008604591895744483279145187805	1.009538165467231078248080110	0.5013927576601671309192200557	0.003214193459786614175802976153	0.0	False	1799.9312133	30	None
2019-10-15T11:00:00.206060700	404	5618	Side.SELL	920442	920038	0.009043511458302471723827199273	1.010277217797258189029097441	0.5027777777777777777777777778	0.0004389195625579884446820114684	0.0	False	1800.1793127	30	None
2019-10-15T11:30:00.139857500	-153	5465	Side.BUY	920038	919885	0.008877213979285300693934955692	1.009994531811506604803593277	0.5013850415512465373961218837	-0.0001662974790171710298922435812	-0.0001662974790171710298922435812	False	1799.9337968	30	None
2019-10-15T12:00:00.115270800	1428	6893	Side.SELL	919885	918457	0.01042958193832365874956147422	1.012606094744138156799847842	0.5027624309392265193370165746	0.001552367959038358055626518532	0.0	False	1799.9754133	30	None
2019-10-15T12:30:00.001138200	1576	8469	Side.BUY	918457	920033	0.01214550331515458278846585407	1.015488323863064855641652600	0.5041322314049586776859504132	0.001715921376830924038904379846	0.0	False	1799.8858674	30	None
2019-10-15T13:00:12.179284600	-482	7987	Side.SELL	920033	920515	0.01162160906353534739147465919	1.014593965440057301459396544	0.5027472527472527472527472527	-0.0005238942516192353969911948811	-0.0005238942516192353969911948811	False	1812.1781464	30	None
2019-10-15T14:00:00.006979400	-766	7221	Side.BUY	920515	919749	0.01078946618699341162725571653	1.013175877251403620492403024	0.5013698630136986301369863014	-0.0008321428765419357642189426571	-0.0008321428765419357642189426571	False	3587.8276948	60	None
2019-10-15T15:58:05.882283600	-8000	-779	Side.SELL	919749	927749	0.002091440964894773846730812453	0.9985990392898442038173032136	0.5	-0.008698025222098637780524904077	-0.009530168098640573544743846734	False	7085.8753042	118	None
2019-10-15T16:12:59.908470500	-8000	-8779	Side.BUY	925004	917004	-0.006557170284353878050990710913	0.9844356941886048503050277725	0.4986376021798365122615803815	-0.008648611249248651897721523366	-0.008648611249248651897721523366	False	894.0261869	14	None
2019-10-15T17:30:00.080095200	-959	-9738	Side.SELL	908669	909628	-0.007612560090763032539588869318	0.9827647847987455000477871031	0.4972826086956521739130434783	-0.001055389806409154488598158405	-0.009704001055657806386319681771	False	4620.1716247	78	None
2019-10-15T18:00:00.042635700	-1407	-11145	Side.BUY	909628	908221	-0.009159346249500450473073766441	0.9803235448338932898785868262	0.4959349593495934959349593496	-0.001546786158737417933484897123	-0.001546786158737417933484897123	False	1799.9625405	30	None
2019-10-15T18:30:00.276721900	245	-10900	Side.SELL	908221	907976	-0.008889588117944364454362461593	0.9807560914032693458660023693	0.4972972972972972972972972973	0.0002697581315560860187113048476	0.0	False	1800.2340862	30	None
2019-10-15T21:30:02.133374700	-3153	-14053	Side.BUY	907976	904823	-0.01236214686399051545394835373	0.9753268277951984493456421205	0.4959568733153638814016172507	-0.003472558746046150999585892138	-0.003472558746046150999585892138	False	10801.8566528	180	None
2019-10-15T22:00:00.104041700	-1537	-15590	Side.SELL	904823	906360	-0.01406082163242588900214507287	0.9727019469342657979383753894	0.4946236559139784946236559140	-0.001698674768435373548196719137	-0.005171233514481524547782611275	False	1797.970667	30	None
2019-10-15T22:30:00.478138700	-194	-15784	Side.BUY	906360	906166	-0.01427486461755321147886513995	0.9723716385697806920043339979	0.4932975871313672922252010724	-0.0002140429851273224767200670815	-0.0002140429851273224767200670815	False	1800.374097	30	None
2019-10-15T23:00:00.068652000	848	-14936	Side.SELL	906166	905318	-0.01333905373963459612582827915	0.9738559803394731636959409904	0.4946524064171122994652406417	0.0009358108779186153530368607959	0.0	False	1799.5905133	30	None
2019-10-16T02:00:01.108818300	1395	-13541	Side.BUY	905318	906713	-0.01179815871711212335935285284	0.9762977925667384915376765500	0.496	0.001540895022522472766475426314	0.0	False	10801.0401663	180	None
